,cov (all),f idx,cov (pref),cov (reg),dconnects
count,3240.0,3240.0,3240.0,3240.0,3240.0
mean,0.1552894204389575,0.34338999415760324,0.15972125330659284,0.1542435322968456,0.721604938271605
std,0.1670574700501778,0.3386804664471389,0.2130613749077915,0.16934676809670962,20.242622886061298
min,0.0,0.03333333333333333,0.0,0.0,0.0
25%,0.016666666666666705,0.0847617466233872,0.0,0.00975799663299663,0.0
50%,0.09838888888888886,0.20128311398753823,0.05072619047619048,0.09406746031746036,0.0
75%,0.25402777777777774,0.4666558870677465,0.24916666666666643,0.24747685185185178,0.0
max,0.9504444444444446,1.0,0.9946666666666666,0.9827272727272729,582.0
